code,dt,open,high,low,close,vol,amount
600036,2026-03-16 18:34:38.829673,14.9855246394113,15.060452262608356,14.910597016214243,14.9855246394113,2733,32767
